sid,init_time,lat0,lon0,split,stamp
2016185N08145,2016-07-04,11.6,142.0,patch,2016070400
2016211N11128,2016-07-31,17.3,123.39999999999998,patch,2016073100
2016221N19163,2016-08-11,20.0,153.39999999999998,patch,2016081100
2016228N22117,2016-08-19,20.5,107.7,patch,2016081900
2016230N25160,2016-08-21,29.9,134.3,patch,2016082100
2016230N25160,2016-08-28,26.1,136.7,patch,2016082800
2016253N13144,2016-09-11,16.5,135.8,patch,2016091100
2016256N12146,2016-09-16,20.2,124.7,patch,2016091600
2016265N10150,2016-09-27,23.3,123.10000000000002,patch,2016092700
2016269N15165,2016-10-04,27.9,126.2,patch,2016100400
2016279N19130,2016-10-08,21.2,116.60000000000002,patch,2016100800
2016279N19130,2016-10-12,16.8,112.3,patch,2016101200
2016287N12131,2016-10-18,18.7,110.7,patch,2016101800
2016305N10147,2016-11-05,17.2,139.89999999999998,patch,2016110500
2016355N07146,2016-12-24,13.1,128.89999999999998,patch,2016122400
2017008N08128,2017-01-12,10.5,113.2,patch,2017011200
2017161N13119,2017-06-11,16.5,117.0,patch,2017061100
2017202N16116,2017-07-22,17.9,112.7,patch,2017072200
2017201N23178,2017-07-25,32.9,156.5,patch,2017072500
2017200N26162,2017-07-28,29.6,145.3,patch,2017072800
2017200N26162,2017-08-01,23.6,138.2,patch,2017080100
2017200N26162,2017-08-05,29.6,130.3,patch,2017080500
2017223N16172,2017-08-16,31.5,163.60000000000002,patch,2017081600
2017239N18147,2017-09-01,27.2,142.2,patch,2017090100
2017252N14147,2017-09-12,21.4,130.60000000000002,patch,2017091200
2017252N14147,2017-09-16,28.6,126.0,patch,2017091600
2017288N09138,2017-10-20,18.9,130.0,patch,2017102000
2017292N13151,2017-10-26,17.8,132.7,patch,2017102600
2017307N07102,2017-11-06,7.5,102.60000000000002,patch,2017110600
2017347N11131,2017-12-15,11.6,127.89999999999998,patch,2017121500
2017347N11131,2017-12-22,5.5,106.8,patch,2017122200
2018039N08151,2018-02-11,6.6,137.39999999999998,patch,2018021100
2018082N04147,2018-03-28,12.3,135.5,patch,2018032800
2018129N15153,2018-05-13,19.4,146.5,patch,2018051300
2018155N10132,2018-06-10,25.3,130.7,patch,2018061000
2018179N19134,2018-07-03,32.0,128.3,patch,2018070300
2018184N10147,2018-07-10,24.0,127.2,patch,2018071000
2018199N18128,2018-07-20,22.6,131.0,patch,2018072000
2018202N21159,2018-07-23,25.2,159.60000000000002,patch,2018072300
2018204N15137,2018-07-27,25.0,142.5,patch,2018072700
2018204N15137,2018-08-02,28.6,127.0,patch,2018080200
2018213N12245,2018-08-05,14.3,-134.1,patch,2018080500
2018218N18134,2018-08-08,19.3,132.60000000000002,patch,2018080800
2018218N18134,2018-08-11,25.0,129.5,patch,2018081100
2018218N18134,2018-08-13,30.5,119.3,patch,2018081300
2018221N17112,2018-08-15,20.7,112.10000000000002,patch,2018081500
2018227N11145,2018-08-18,24.6,140.10000000000002,patch,2018081800
2018227N11145,2018-08-22,30.4,127.7,patch,2018082200
2018239N11161,2018-08-28,15.2,157.10000000000002,patch,2018082800
2018250N12170,2018-09-09,15.2,154.8,patch,2018090900
2018250N12170,2018-09-13,14.5,131.3,patch,2018091300
2018263N12146,2018-09-26,20.6,129.0,patch,2018092600
2018271N06154,2018-10-01,15.6,135.89999999999998,patch,2018100100
2018294N08161,2018-10-24,13.3,148.0,patch,2018102400
2018294N08161,2018-10-31,17.4,118.0,patch,2018103100
2018311N07179,2018-11-13,9.7,157.0,patch,2018111300
2018311N07179,2018-11-19,8.0,132.5,patch,2018111900
2018311N07179,2018-11-23,10.7,112.7,patch,2018112300
2018358N07140,2018-12-25,7.6,135.7,patch,2018122500
2018365N08115,2019-01-05,9.1,98.5,patch,2019010500
2019004N03175,2019-01-11,5.2,160.2,patch,2019011100
2019004N03175,2019-01-18,6.4,138.89999999999998,patch,2019011800
2019050N05163,2019-02-24,12.6,142.10000000000002,patch,2019022400
2019071N04161,2019-03-15,8.0,144.2,patch,2019031500
2019195N13136,2019-07-16,16.6,126.3,patch,2019071600
2019210N16117,2019-07-30,17.5,115.39999999999998,patch,2019073000
2019216N16147,2019-08-05,16.8,145.7,patch,2019080500
2019214N15134,2019-08-08,22.7,126.0,patch,2019080800
2019216N16147,2019-08-12,24.4,137.89999999999998,patch,2019081200
2019231N13135,2019-08-24,21.5,121.89999999999998,patch,2019082400
2019242N14180,2019-09-01,14.9,172.2,patch,2019090100
2019242N14180,2019-09-04,17.6,159.3,patch,2019090400
2019242N14180,2019-09-08,31.5,139.60000000000002,patch,2019090800
2019260N20129,2019-09-21,26.3,125.7,patch,2019092100
2019268N10155,2019-10-02,32.1,123.8,patch,2019100200
2019278N16165,2019-10-12,32.1,137.3,patch,2019101200
2019290N08169,2019-10-20,11.7,151.3,patch,2019102000
2019302N11118,2019-11-01,14.3,102.2,patch,2019110100
2019306N10162,2019-11-05,19.1,151.89999999999998,patch,2019110500
2019302N11118,2019-11-08,17.0,87.80000000000001,patch,2019110800
2019314N12172,2019-11-11,13.3,168.0,patch,2019111100
2019314N14136,2019-11-15,15.6,126.39999999999998,patch,2019111500
2019322N11144,2019-11-20,16.1,128.5,patch,2019112000
2019329N09160,2019-11-30,13.9,136.2,patch,2019113000
2019354N05151,2019-12-23,9.5,133.7,patch,2019122300
2020129N07134,2020-05-11,8.5,129.8,patch,2020051100
2020160N10133,2020-06-11,14.1,123.89999999999998,patch,2020061100
2020213N15131,2020-08-03,25.0,123.5,patch,2020080300
2020222N26149,2020-08-11,26.6,141.5,patch,2020081100
2020239N13134,2020-08-27,14.4,132.0,patch,2020082700
2020244N25146,2020-09-02,19.4,142.2,patch,2020090200
2020263N21136,2020-09-21,25.0,134.7,patch,2020092100
2020277N21141,2020-10-07,25.1,135.89999999999998,patch,2020100700
2020285N17120,2020-10-13,18.6,112.10000000000002,patch,2020101300
2020291N06141,2020-10-23,17.9,115.5,patch,2020102300
2020299N11144,2020-10-27,15.4,141.60000000000002,patch,2020102700
2020299N11144,2020-11-02,14.7,118.5,patch,2020110200
2020303N05149,2020-11-06,20.9,121.8,patch,2020110600
2020313N08135,2020-11-13,15.4,115.5,patch,2020111300
2020353N06129,2020-12-24,7.6,104.0,patch,2020122400
2021046N06142,2021-02-16,6.1,138.0,val,2021021600
2021046N06142,2021-02-18,7.1,132.5,val,2021021800
2021046N06142,2021-02-21,8.5,129.0,val,2021022100
2021102N06144,2021-04-15,8.9,136.5,val,2021041500
2021102N06144,2021-04-17,10.7,131.10000000000002,val,2021041700
2021102N06144,2021-04-20,15.4,126.2,val,2021042000
2021102N06144,2021-04-23,22.3,128.0,val,2021042300
2021148N05142,2021-05-29,6.1,137.2,val,2021052900
2021148N05142,2021-05-31,8.1,130.39999999999998,val,2021053100
2021148N05142,2021-06-03,16.4,119.10000000000002,val,2021060300
2021171N09152,2021-06-21,11.3,147.3,val,2021062100
2021171N09152,2021-06-24,18.6,140.10000000000002,val,2021062400
2021171N09152,2021-06-26,24.8,139.7,val,2021062600
2021185N13121,2021-07-07,18.0,110.3,val,2021070700
2021197N17135,2021-07-19,23.8,132.0,val,2021071900
2021198N19117,2021-07-20,21.3,112.39999999999998,val,2021072000
2021198N19117,2021-07-21,21.9,111.2,val,2021072100
2021197N17135,2021-07-23,24.2,125.39999999999998,val,2021072300
2021204N21146,2021-07-24,25.2,149.7,val,2021072400
2021197N17135,2021-07-26,30.7,121.2,val,2021072600
2021197N17135,2021-07-27,31.3,119.3,val,2021072700
2021204N21146,2021-07-28,39.1,141.60000000000002,val,2021072800
2021214N20155,2021-08-04,29.3,144.8,val,2021080400
2021214N20155,2021-08-05,29.3,139.7,val,2021080500
2021216N22144,2021-08-05,31.5,147.7,val,2021080500
2021216N22144,2021-08-06,35.4,149.89999999999998,val,2021080600
2021216N22144,2021-08-07,38.7,158.0,val,2021080700
2021215N24124,2021-08-08,34.0,140.8,val,2021080800
2021215N24124,2021-08-09,37.8,147.10000000000002,val,2021080900
2021219N08193,2021-08-11,12.2,177.2,val,2021081100
2021219N08193,2021-08-14,12.4,162.89999999999998,val,2021081400
2021219N08193,2021-08-16,13.8,151.7,val,2021081600
2021219N08193,2021-08-19,16.4,135.2,val,2021081900
2021219N08193,2021-08-22,24.3,125.8,val,2021082200
2021244N24164,2021-09-03,29.7,157.60000000000002,val,2021090300
2021248N11131,2021-09-07,12.0,124.3,val,2021090700
2021248N12141,2021-09-08,16.0,132.3,val,2021090800
2021248N11131,2021-09-10,15.7,112.8,val,2021091000
2021248N12141,2021-09-11,20.3,122.0,val,2021091100
2021248N12141,2021-09-12,23.8,122.3,val,2021091200
2021248N12141,2021-09-15,30.2,125.7,val,2021091500
2021264N13119,2021-09-22,11.9,115.39999999999998,val,2021092200
2021265N11150,2021-09-24,14.8,141.0,val,2021092400
2021265N11150,2021-09-27,19.6,136.7,val,2021092700
2021265N11150,2021-09-30,26.7,136.39999999999998,val,2021093000
2021276N07131,2021-10-05,11.8,119.2,val,2021100500
2021276N07131,2021-10-07,16.3,111.89999999999998,val,2021100700
2021280N14137,2021-10-10,17.0,128.8,val,2021101000
2021282N16165,2021-10-11,18.3,157.5,val,2021101100
2021280N14137,2021-10-13,19.0,112.7,val,2021101300
2021282N16165,2021-10-14,23.9,156.39999999999998,val,2021101400
2021282N16165,2021-10-17,33.8,167.3,val,2021101700
2021295N09145,2021-10-25,16.0,138.5,val,2021102500
2021296N06127,2021-10-26,11.3,111.7,val,2021102600
2021295N09145,2021-10-28,23.7,140.7,val,2021102800
2021333N11146,2021-12-02,16.6,135.60000000000002,val,2021120200
2021346N05145,2021-12-14,7.4,136.89999999999998,val,2021121400
2021349N05108,2021-12-16,4.7,106.2,val,2021121600
2021346N05145,2021-12-18,11.0,115.89999999999998,val,2021121800
2022088N09116,2022-03-30,11.6,111.60000000000002,val,2022033000
2022096N03150,2022-04-09,7.1,144.39999999999998,val,2022040900
2022099N11128,2022-04-10,10.7,126.0,val,2022041000
2022096N03150,2022-04-12,15.4,135.0,val,2022041200
2022096N03150,2022-04-14,20.7,138.0,val,2022041400
2022180N15117,2022-07-01,18.3,114.10000000000002,val,2022070100
2022180N15117,2022-07-02,20.6,111.7,val,2022070200
2022180N15130,2022-07-03,27.8,127.2,val,2022070300
2022180N15130,2022-07-06,33.5,138.3,val,2022070600
2022180N15130,2022-07-09,36.0,144.8,val,2022070900
2022208N15143,2022-07-31,33.5,123.3,val,2022073100
2022221N24149,2022-08-12,30.5,136.3,val,2022081200
2022232N18131,2022-08-22,16.3,124.5,val,2022082200
2022232N18131,2022-08-24,19.3,117.8,val,2022082400
2022233N22151,2022-08-25,38.8,151.2,val,2022082500
2022239N22150,2022-08-30,26.9,137.3,val,2022083000
2022239N22150,2022-09-02,21.6,125.3,val,2022090200
2022239N22150,2022-09-05,29.8,124.89999999999998,val,2022090500
2022247N26147,2022-09-07,17.2,135.8,val,2022090700
2022247N26147,2022-09-10,20.5,126.5,val,2022091000
2022254N21158,2022-09-12,21.3,161.60000000000002,val,2022091200
2022254N21158,2022-09-13,24.0,163.3,val,2022091300
2022254N21158,2022-09-14,28.3,162.10000000000002,val,2022091400
2022254N24143,2022-09-15,23.1,138.89999999999998,val,2022091500
2022254N24143,2022-09-18,29.7,131.0,val,2022091800
2022263N18137,2022-09-22,26.0,137.3,val,2022092200
2022264N17132,2022-09-24,16.2,128.10000000000002,val,2022092400
2022264N17132,2022-09-27,15.4,112.0,val,2022092700
2022270N14136,2022-09-28,20.9,132.60000000000002,val,2022092800
2022270N14136,2022-09-30,28.3,135.89999999999998,val,2022093000
2022284N15152,2022-10-14,18.7,156.2,val,2022101400
2022284N15152,2022-10-15,27.3,153.7,val,2022101500
2022285N17140,2022-10-16,19.2,120.89999999999998,val,2022101600
2022285N17140,2022-10-17,19.4,117.2,val,2022101700
2022285N17140,2022-10-19,17.1,110.89999999999998,val,2022101900
2022292N21132,2022-10-22,20.3,120.3,val,2022102200
2022299N11134,2022-10-29,13.8,122.3,val,2022102900
2022301N07140,2022-10-30,9.0,138.0,val,2022103000
2022299N11134,2022-11-01,18.4,116.0,val,2022110100
2022342N06133,2022-12-09,9.3,128.2,val,2022120900
2022342N06133,2022-12-12,19.6,129.5,val,2022121200
2023108N03160,2023-04-19,3.9,159.8,test,2023041900
2023108N03160,2023-04-22,10.1,154.0,test,2023042200
2023138N05151,2023-05-19,4.4,149.7,test,2023051900
2023138N05151,2023-05-23,11.2,146.8,test,2023052300
2023138N05151,2023-05-27,16.3,133.5,test,2023052700
2023138N05151,2023-05-30,20.4,125.10000000000002,test,2023053000
2023156N12135,2023-06-06,13.5,134.7,test,2023060600
2023156N12135,2023-06-10,19.1,129.89999999999998,test,2023061000
2023194N16123,2023-07-16,19.1,116.3,test,2023071600
2023201N13134,2023-07-22,14.3,130.5,test,2023072200
2023201N13134,2023-07-26,18.9,121.39999999999998,test,2023072600
2023207N09141,2023-07-29,15.8,133.8,test,2023072900
2023207N09141,2023-08-02,25.8,126.89999999999998,test,2023080200
2023213N14257,2023-08-03,15.3,-116.2,test,2023080300
2023213N14257,2023-08-05,13.7,-129.3,test,2023080500
2023213N14257,2023-08-07,12.7,-143.1,test,2023080700
2023218N25145,2023-08-08,24.5,149.0,test,2023080800
2023213N14257,2023-08-10,11.6,-166.9,test,2023081000
2023218N25145,2023-08-11,26.8,142.8,test,2023081100
2023218N25145,2023-08-13,29.7,139.5,test,2023081300
2023218N25145,2023-08-15,34.2,135.39999999999998,test,2023081500
2023234N19154,2023-08-23,17.1,151.3,test,2023082300
2023234N18128,2023-08-25,19.9,124.0,test,2023082500
2023234N18128,2023-08-27,16.8,122.89999999999998,test,2023082700
2023234N18128,2023-08-29,18.6,123.3,test,2023082900
2023241N10158,2023-08-30,12.5,154.39999999999998,test,2023083000
2023241N10158,2023-08-31,15.4,154.60000000000002,test,2023083100
2023234N18128,2023-09-02,21.9,112.8,test,2023090200
2023241N10158,2023-09-03,29.6,142.0,test,2023090300
2023247N20130,2023-09-05,21.3,131.5,test,2023090500
2023247N20130,2023-09-08,32.7,137.10000000000002,test,2023090800
2023271N14144,2023-09-29,15.6,136.10000000000002,test,2023092900
2023271N14144,2023-10-03,20.6,125.2,test,2023100300
2023271N14144,2023-10-07,21.1,115.39999999999998,test,2023100700
2023271N14144,2023-10-09,21.8,113.39999999999998,test,2023100900
2023279N08157,2023-10-11,17.1,144.0,test,2023101100
2023289N15111,2023-10-18,17.0,109.60000000000002,test,2023101800
2023314N05149,2023-11-12,6.7,141.5,test,2023111200
2023349N04141,2023-12-17,6.8,130.39999999999998,test,2023121700
2024141N03142,2024-05-23,5.8,132.89999999999998,test,2024052300
2024141N03142,2024-05-27,15.8,122.8,test,2024052700
2024151N18113,2024-05-31,19.8,112.8,test,2024053100
2024198N08130,2024-07-20,15.6,114.60000000000002,test,2024072000
2024201N12133,2024-07-22,17.4,125.5,test,2024072200
2024201N12133,2024-07-25,25.2,120.3,test,2024072500
2024218N23143,2024-08-09,30.8,145.89999999999998,test,2024080900
2024224N27154,2024-08-12,31.5,153.2,test,2024081200
2024225N22135,2024-08-14,26.1,140.3,test,2024081400
2024225N22135,2024-08-16,33.5,140.8,test,2024081600
2024233N15148,2024-08-23,17.8,141.2,test,2024082300
2024233N15148,2024-08-27,28.2,130.7,test,2024082700
2024233N15148,2024-08-31,33.6,135.5,test,2024083100
2024244N09137,2024-09-03,18.3,119.60000000000002,test,2024090300
2024246N22147,2024-09-05,32.2,145.89999999999998,test,2024090500
2024253N11148,2024-09-10,11.1,146.5,test,2024091000
2024253N11148,2024-09-14,26.5,131.39999999999998,test,2024091400
2024259N12145,2024-09-17,18.1,137.8,test,2024091700
2024264N20128,2024-09-21,25.5,122.89999999999998,test,2024092100
2024269N14150,2024-09-27,18.0,145.60000000000002,test,2024092700
2024269N14150,2024-09-29,22.6,141.5,test,2024092900
2024269N14150,2024-10-01,32.8,141.60000000000002,test,2024100100
2024278N11150,2024-10-06,16.8,145.60000000000002,test,2024100600
2024293N13141,2024-10-22,13.6,127.39999999999998,test,2024102200
2024293N13141,2024-10-26,17.0,113.60000000000002,test,2024102600
2024298N13150,2024-10-28,16.5,129.60000000000002,test,2024102800
2024298N13150,2024-10-31,22.0,122.10000000000002,test,2024103100
2024307N06143,2024-11-07,18.5,123.10000000000002,test,2024110700
2024313N10169,2024-11-09,13.8,159.7,test,2024110900
2024307N06143,2024-11-11,17.1,111.5,test,2024111100
2024314N07151,2024-11-11,11.9,139.5,test,2024111100
2024312N14145,2024-11-13,20.2,116.2,test,2024111300
2024313N10169,2024-11-14,10.7,138.10000000000002,test,2024111400
2024313N10169,2024-11-16,12.6,126.60000000000002,test,2024111600
2024357N10115,2024-12-24,11.7,112.3,test,2024122400
2025172N21147,2025-06-24,29.3,141.0,test,2025062400
2025182N22149,2025-07-05,31.0,146.3,test,2025070500
2025182N22149,2025-07-07,35.0,148.89999999999998,test,2025070700
2025197N14131,2025-07-20,21.6,114.60000000000002,test,2025072000
2025203N20124,2025-07-24,16.2,118.60000000000002,test,2025072400
2025203N18133,2025-07-26,26.6,120.89999999999998,test,2025072600
2025205N13145,2025-07-27,20.2,145.10000000000002,test,2025072700
2025205N13145,2025-07-29,28.4,143.0,test,2025072900
2025203N20124,2025-07-31,31.5,119.60000000000002,test,2025073100
2025205N13145,2025-08-03,39.9,150.8,test,2025080300
2025218N19149,2025-08-08,20.1,145.7,test,2025080800
2025218N19149,2025-08-12,20.9,128.10000000000002,test,2025081200
2025260N13138,2025-09-20,16.3,129.60000000000002,test,2025092000
2025261N23166,2025-09-21,27.2,152.7,test,2025092100
2025261N23166,2025-09-23,30.5,153.10000000000002,test,2025092300
2025261N23166,2025-09-26,32.0,153.7,test,2025092600
2025261N23166,2025-09-28,34.3,162.39999999999998,test,2025092800
2025276N20147,2025-10-06,25.6,141.5,test,2025100600
2025280N13147,2025-10-10,26.7,132.7,test,2025101000
2025289N13140,2025-10-19,14.4,121.60000000000002,test,2025101900
2025305N08140,2025-11-03,10.5,128.89999999999998,test,2025110300
2025308N09144,2025-11-06,10.2,140.0,test,2025110600
2025308N09144,2025-11-10,17.3,119.2,test,2025111000
2025328N07132,2025-11-27,13.2,113.89999999999998,test,2025112700
2025328N07132,2025-11-29,13.0,112.2,test,2025112900
2025328N07132,2025-12-02,14.0,111.5,test,2025120200
